description,profile_image_url,id,name,screen_name,location,party
"Melting #SnowFlakes with the fire of Patriotism. Destroying Liberals Daily 
One of the most Targeted accounts on Twitter. III% Patriots #WhyLiberalsSuck",http://pbs.twimg.com/profile_images/990351165559902208/OzC0iV7A_normal.jpg,3389073989,GodGuns&Trump 🇺🇸,PatriotByGod,"Las Vegas, NV",republican
"100%Trump Supporter, I Follow Back #MAGA #Christian,#CCOT #BuildtheWall,   Love Jesus Christ, my Family, my Country and love our President Donald Trump! #WWG1WG",http://pbs.twimg.com/profile_images/1125263585494454277/e7WKopsb_normal.png,1005373425819553792,#Veteran #AmericaFirst #MAGA #Trump2020,donaldjrtrain,"Indiana, USA",republican
intelligent women vote for @realdonaldtrump ••••• @trumpstudents •••• ⇣ check out the link below ⇣,http://pbs.twimg.com/profile_images/1324136700076040193/2hQrzV0L_normal.jpg,1318619325402591232,TRUMP 2020,baddiesfortrump,,republican
"Wife to my soul mate,  Mom, Craft beer, Great danes, Sarcasm, Co Av's. #Wyomingproud,  Sm biz owner, USA🇺🇸🇺🇸 #FREEDOM #NRA",http://pbs.twimg.com/profile_images/1331323758007644160/_ssHcFDO_normal.jpg,985728510,Metal Ivy,Metalivy74,Wyoming/Colorado,republican
"Christian - Father - Investigator - Political Analyst - Founder of https://t.co/BK6f3SeNA1 - Truth Slinger - Si Vis Pacem, Para Bellum - IG/Parler/Gab: @RealMattCouch",http://pbs.twimg.com/profile_images/1330368465740423168/8TcYECAu_normal.jpg,601535938,Matt Couch,RealMattCouch,"NW Arkansas, USA",republican
Fox Nation Host. Faith. Family. Freedom. Final Thoughts. https://t.co/1pXmBlysWg,http://pbs.twimg.com/profile_images/1174073050666393600/hbtxan7s_normal.jpg,468646961,Tomi Lahren,TomiLahren,"Nashville, TN",republican
The official Twitter account of the Republican Party of Arizona.,http://pbs.twimg.com/profile_images/1215061301468135424/24fi8iw3_normal.jpg,15937190,Arizona Republican Party,AZGOP,"Phoenix, AZ",republican
"TV Host Fox News Channel 9 PM EST. Nationally Syndicated Radio Host 3-6 PM EST. https://t.co/z23FRgA02S Retweets, Follows NOT endorsements! Due to hackings, no DM’s!",http://pbs.twimg.com/profile_images/1298273293061853188/5SVIYpyY_normal.jpg,41634520,Sean Hannity,seanhannity,NYC,republican
"Lou Dobbs Tonight, Fox Business Network, 5, 7 & 10 PM/ET",http://pbs.twimg.com/profile_images/1291061804982992896/FmNLrPOG_normal.jpg,26487169,Lou Dobbs,LouDobbs,"New York, NY",republican
Proudly serving Ohio's beautiful Fourth District. Ranking Member on @JudiciaryGOP. Fighting to #DoWhatWeSaid,http://pbs.twimg.com/profile_images/596012379231617025/TtrAXbnA_normal.jpg,18166778,Rep. Jim Jordan,Jim_Jordan,"Washington, D.C. ",republican
"Father of two, @heidiscruz's husband, fighter for liberty. Representing the great state of Texas in the U.S. Senate.",http://pbs.twimg.com/profile_images/1322868917350633473/XVo77UyL_normal.jpg,23022687,Ted Cruz,tedcruz,"Houston, Texas",republican
"""Trump Card"" is an exposé of the socialism, corruption, and gangsterization that now define the Democratic Party. Available on DVD and VOD now.",http://pbs.twimg.com/profile_images/890967538292711424/8puyFbiI_normal.jpg,91882544,Dinesh D'Souza,DineshDSouza,United States,republican
Text TWITTER to 80810 to receive exclusive updates from the Republican National Committee!,http://pbs.twimg.com/profile_images/975343259001106432/7uzLo2Tx_normal.jpg,11134252,GOP,GOP,,republican
"Chairwoman @AZGOP, mom, military wife, family physician, & former AZ State Senator #Win2020 #KeepAmericaGreat #ProLife #ProFamily #ProFreedom 🇺🇸",http://pbs.twimg.com/profile_images/1221960046222831616/itarRYxl_normal.jpg,359403242,Dr. Kelli Ward 🇺🇸,kelliwardaz,"Phoenix, AZ",republican
@WhiteHouse Press Secretary. Connecting the American People to President @realDonaldTrump’s agenda. Tweets may be archived: https://t.co/eVVzoBb3Zr.,http://pbs.twimg.com/profile_images/1250415895383506944/EttGxOru_normal.jpg,818927131883356161,Kayleigh McEnany,PressSec,"Washington, D.C.",republican
"Director of Operations @realDonaldTrump 2020. Previously @NASA, @WhiteHouse, @realDonaldTrump 2016.",http://pbs.twimg.com/profile_images/1191484499047145473/0aTce6SG_normal.jpg,473654129,Megan Powers,_MeganPowers,"Washington, DC",republican
"Highlighting @realDonaldTrump's #PromisesKept, fighting #FakeNews. This account punches back 10x harder. Managed by the @TeamTrump 2020 campaign. #MAGA",http://pbs.twimg.com/profile_images/1109170568950095879/Q5nCWHLB_normal.png,1108472017144201216,Trump War Room,TrumpWarRoom,MAGA Country,republican
@Mike_Pence Comms Director. #1 fan of @realDonaldTrump & @Mike_Pence. Tweets may be archived: https://t.co/eVVzoBb3Zr.,http://pbs.twimg.com/profile_images/1268550052076818432/zUJ9Us2__normal.jpg,842071545296084992,Katie Miller,VPComDir,"Washington, DC",republican
"Principal, SHW Partners LLC. @realDonaldTrump 2020 Senior Advisor. 2016 Senior Communications Advisor, Transition Team Communications Director. 2 Timothy 1:7.",http://pbs.twimg.com/profile_images/1202307702715830277/1fZGqKca_normal.jpg,1084375028,Jason Miller,JasonMillerinDC,"Washington, DC",republican
"@realdonaldtrump 2020 Strategic Advisor, former Special Assistant to POTUS, Comms Director - Trump Inaugural, Battle for 1600 Podcast - https://t.co/oceoPNhuUh",http://pbs.twimg.com/profile_images/1321211587211001856/kF2VRn1__normal.jpg,76543481,Boris Epshteyn,BorisEP,"ÜT: 40.744258,-73.995578",republican
Christian • Single Mom • #StandWithIsrael 🇮🇱 • Former @realDonaldTrump appointee #CruzCrew #McCain alumni #2A #ProLife #MAGA,http://pbs.twimg.com/profile_images/1317612740735795200/qgXqaEDg_normal.jpg,582135529,XIMENA,RepublicanChick,"Washington, DC",republican
